{
  "adapt_covariance": true,
  "adapt_decay": 0.6,
  "adapt_enabled": true,
  "adapt_interval": 100,
  "adapt_max_stepscale": 10000.0,
  "adapt_min_stepscale": 0.0001,
  "adapt_rate": 1.0,
  "anneal_T0": 10.0,
  "anneal_enabled": true,
  "anneal_steps": 12500,
  "auto_consistent_init": true,
  "autoscale": true,
  "chain_out_path": "chain_out.txt",
  "cov_epsilon": 1e-06,
  "cov_warmup": 500,
  "data_file_path": "/home/fabian/workspace/lightcurvequery/lightcurves/3376639486380091008/tess_lc_space.txt",
  "expose": 0,
  "lm_auto_balance_priors": true,
  "lm_continuation": true,
  "lm_continuation_stages": 6,
  "lm_factor": 100.0,
  "lm_fd_step_min": 1e-10,
  "lm_gtol": 0.0,
  "lm_log_path": "lm_iter_log.txt",
  "lm_max_iter": 200,
  "lm_prior_balance_target": 1.0,
  "lm_results": {
    "best_fit": {
      "iangle": 77.69854699406488,
      "q": 0.9758217595827601,
      "r1": 0.039841264917638286,
      "r2": 0.004439544748616669,
      "t0": 0.759478479293354,
      "velocity_scale": 260.51485862302354
    },
    "correlations": {
      "iangle,iangle": 1.0,
      "iangle,q": -0.7605010534169632,
      "iangle,r1": 0.4734002238089824,
      "iangle,r2": -0.0917946662729458,
      "iangle,t0": -0.04703079408024198,
      "iangle,velocity_scale": -0.8062191984491968,
      "q,iangle": -0.7605010534169632,
      "q,q": 1.0,
      "q,r1": -0.2626764243207053,
      "q,r2": 0.07530247303302136,
      "q,t0": 0.03639483889020946,
      "q,velocity_scale": 0.40024115811198013,
      "r1,iangle": 0.4734002238089824,
      "r1,q": -0.2626764243207053,
      "r1,r1": 0.9999999999999999,
      "r1,r2": -0.04137430522339616,
      "r1,t0": -0.021475109212631086,
      "r1,velocity_scale": -0.5629015153597587,
      "r2,iangle": -0.0917946662729458,
      "r2,q": 0.07530247303302136,
      "r2,r1": -0.04137430522339616,
      "r2,r2": 1.0000000000000002,
      "r2,t0": 0.0032873896067251375,
      "r2,velocity_scale": 0.07321927440598809,
      "t0,iangle": -0.04703079408024198,
      "t0,q": 0.03639483889020946,
      "t0,r1": -0.021475109212631086,
      "t0,r2": 0.0032873896067251375,
      "t0,t0": 0.9999999999999998,
      "t0,velocity_scale": 0.03761387961774327,
      "velocity_scale,iangle": -0.8062191984491968,
      "velocity_scale,q": 0.40024115811198013,
      "velocity_scale,r1": -0.5629015153597587,
      "velocity_scale,r2": 0.07321927440598809,
      "velocity_scale,t0": 0.03761387961774327,
      "velocity_scale,velocity_scale": 1.0
    },
    "covariance": {
      "iangle,iangle": 18.468056779609878,
      "iangle,q": -0.10856008470086935,
      "iangle,r1": 0.0013216495110848644,
      "iangle,r2": -0.0007098412310509182,
      "iangle,t0": -0.0034444336800991855,
      "iangle,velocity_scale": -9.196842607860107,
      "q,iangle": -0.10856008470086935,
      "q,q": 0.0011033657683975542,
      "q,r1": -5.668368670408912e-06,
      "q,r2": 4.500929040376618e-06,
      "q,t0": 2.0602715680377717e-05,
      "q,velocity_scale": 0.03529039483450651,
      "r1,iangle": 0.0013216495110848644,
      "r1,q": -5.668368670408912e-06,
      "r1,r1": 4.2204084154431244e-07,
      "r1,r2": -4.836610652018713e-08,
      "r1,t0": -2.377593125438167e-07,
      "r1,velocity_scale": -0.0009706992091832744,
      "r2,iangle": -0.0007098412310509182,
      "r2,q": 4.500929040376618e-06,
      "r2,r1": -4.836610652018713e-08,
      "r2,r2": 3.237921740192518e-06,
      "r2,t0": 1.0081131196312211e-07,
      "r2,velocity_scale": 0.0003497305834944042,
      "t0,iangle": -0.0034444336800991855,
      "t0,q": 2.0602715680377717e-05,
      "t0,r1": -2.377593125438167e-07,
      "t0,r2": 1.0081131196312211e-07,
      "t0,t0": 0.00029043558756055725,
      "t0,velocity_scale": 0.0017015631166865846,
      "velocity_scale,iangle": -9.196842607860107,
      "velocity_scale,q": 0.03529039483450651,
      "velocity_scale,r1": -0.0009706992091832744,
      "velocity_scale,r2": 0.0003497305834944042,
      "velocity_scale,t0": 0.0017015631166865846,
      "velocity_scale,velocity_scale": 7.046120007163143
    },
    "implied": {
      "K1_km_s": {
        "sigma": 1.3265616022128937,
        "value": 125.7093709362446
      },
      "K2_km_s": {
        "sigma": 3.3254306388468553,
        "value": 128.8241112700696
      },
      "M1_Msun": {
        "sigma": 0.018236184750654194,
        "value": 0.6424788405601626
      },
      "M2_Msun": {
        "sigma": 0.025487905440727123,
        "value": 0.6269448326901094
      },
      "M_total_Msun": {
        "sigma": 0.03880345316514235,
        "value": 1.269423673250272
      },
      "R1_Rsun": {
        "sigma": 0.0019212400444870526,
        "value": 0.14215572184502268
      },
      "R2_Rsun": {
        "sigma": 0.006434265858937155,
        "value": 0.015840528399576052
      },
      "T1_K": {
        "sigma": 0.0,
        "value": 30492.0
      },
      "T2_K": {
        "sigma": 0.0,
        "value": 5000.0
      },
      "a_Rsun": {
        "sigma": 0.03635580324104977,
        "value": 3.56805242350848
      },
      "a_km": {
        "sigma": 25292.732314798326,
        "value": 2482294.0710348496
      },
      "iangle_deg": {
        "sigma": 4.297447705279248,
        "value": 77.69854699406488
      },
      "logg1_dex": {
        "sigma": 0.016243554732161342,
        "value": 5.9403301392220484
      },
      "logg2_dex": {
        "sigma": 0.35131056053687226,
        "value": 7.835689998354439
      },
      "q": {
        "sigma": 0.033216950016483365,
        "value": 0.9758217595827601
      }
    },
    "reduced_chi2": 1.8279442141592443e-06,
    "residual_variance": 1.6071863695414891e-06,
    "sigma": {
      "iangle": 4.297447705279248,
      "q": 0.033216950016483365,
      "r1": 0.0006496467051746761,
      "r2": 0.0017994226130046598,
      "t0": 0.017042170858213964,
      "velocity_scale": 2.6544528639934715
    }
  },
  "lm_summary": {
    "best_chisq_lc": 8.042954542300675e-05,
    "best_pars": {
      "iangle": 77.69854699406488,
      "q": 0.9758217595827601,
      "r1": 0.039841264917638286,
      "r2": 0.004439544748616669,
      "t0": 0.759478479293354,
      "velocity_scale": 260.51485862302354
    },
    "best_sum_sq": 8.357369121615744e-05,
    "converged": true,
    "final_lambda": 340.3421629992804,
    "function_evals": 417,
    "iterations": 86,
    "stop_reason": "xtol (parameter change small)"
  },
  "lm_tau": 0.001,
  "lm_verbose": true,
  "mcmc_burn_in": 25000,
  "mcmc_steps": 100000,
  "mcmc_thin": 1,
  "model_parameters": {
    "absorb": "1.0000000000 0.500000 0.010000 0 1",
    "absorb_edge": "0.0000000000 0.000000 0.000000 0 0",
    "add_disc": "0",
    "add_spot": "0",
    "angle_spot": "0.0000000000 5.000000 2.000000 0 1",
    "beam_factor1": "1.2395000000 1.000000 0.010000 0 1",
    "beam_factor2": "2.0825000000 1.000000 0.010000 0 1",
    "beta_disc": "0.0000000000 0.010000 0.000010 0 1",
    "cfrac_spot": "0.0000000000 0.050000 0.008000 0 1",
    "cphi3": "0.0100000000 0.050000 0.010000 0 1",
    "cphi4": "0.0550000000 0.050000 0.010000 0 1",
    "cube": "0.0000000000 0.010000 0.000010 0 1",
    "delta_phase": "1e-07",
    "deltat": "0.0000000000 0.001000 0.000100 0 1",
    "eclipse1": "1",
    "eclipse2": "1",
    "epow_spot": "0.0000000000 0.010000 0.010000 0 1",
    "expon_spot": "0.0000000000 0.200000 0.100000 0 1",
    "gdark_bolom1": "1",
    "gdark_bolom2": "1",
    "glens1": "0",
    "gravity_dark1": "0.3221000000 0.100000 0.000001 0 1",
    "gravity_dark2": "0.4812000000 0.100000 0.000001 0 1",
    "height_disc": "0.0000000000 0.010000 0.000010 0 1",
    "height_spot": "0.0000000000 0.010000 0.000010 0 1",
    "iangle": "77.6985469941 2.470000 1.000000 1 1",
    "iscale": "0",
    "ldc1_1": "0.4895000000 0.500000 0.001000 0 1",
    "ldc1_2": "-0.1681000000 0.500000 0.001000 0 1",
    "ldc1_3": "0.1212000000 0.500000 0.001000 0 1",
    "ldc1_4": "-0.0526000000 0.500000 0.001000 0 1",
    "ldc2_1": "0.1216000000 0.500000 0.001000 0 1",